Employee ID,Full Name,Age,Tenure_Years,Department,Job Title,Performance Rating,Total_Compensation,Audit_Flag
10005,Anthony Gates,56,7.57,Marketing,Manager,4,54549,Flight Risk (Undercompensated High Performer)
10007,Catherine Hall,20,2.14,Marketing,HR Specialist,2,70414,Capital Drain (Overcompensated Low Performer)
10008,Deanna Ball,58,11.83,IT,Designer,1,99835,Capital Drain (Overcompensated Low Performer)
10009,Candace Nelson,44,5.28,Marketing,HR Specialist,2,87788,Capital Drain (Overcompensated Low Performer)
10012,Bruce Nelson,30,2.43,Finance,Designer,2,87427,Capital Drain (Overcompensated Low Performer)
10013,Dawn Cole,49,4.47,Finance,Manager,5,37184,Flight Risk (Undercompensated High Performer)
10014,Tanner Morse,60,10.9,Operations,Manager,1,80363,Capital Drain (Overcompensated Low Performer)
10016,Daniel Hawkins,57,8.82,HR,Developer,1,101169,Capital Drain (Overcompensated Low Performer)
10018,Kimberly Jones,35,7.6,Finance,Developer,2,82188,Capital Drain (Overcompensated Low Performer)
10027,Michael Thomas,28,5.07,Finance,Analyst,4,55515,Flight Risk (Undercompensated High Performer)
10029,Richard Landry,46,9.3,Operations,Manager,4,61605,Flight Risk (Undercompensated High Performer)
10031,Mark Lopez,45,11.11,Marketing,Developer,2,84198,Capital Drain (Overcompensated Low Performer)
10033,Mary Schmidt,52,8.12,IT,Manager,4,62722,Flight Risk (Undercompensated High Performer)
10034,Mary Martinez,42,3.21,Marketing,HR Specialist,2,100588,Capital Drain (Overcompensated Low Performer)
10040,Chris Sanchez,41,4.69,Finance,Developer,1,75606,Capital Drain (Overcompensated Low Performer)
10045,Alexis Clark,36,10.63,IT,HR Specialist,2,99780,Capital Drain (Overcompensated Low Performer)
10046,Robert Davis,41,8.39,HR,Developer,4,45312,Flight Risk (Undercompensated High Performer)
10047,Daniel Brown MD,25,2.58,Marketing,HR Specialist,2,102416,Capital Drain (Overcompensated Low Performer)
10053,Ava King,48,5.57,HR,HR Specialist,4,60319,Flight Risk (Undercompensated High Performer)
10059,Mason Wilson,60,6.42,Finance,Manager,1,98314,Capital Drain (Overcompensated Low Performer)
10060,Lucas Moore,42,4.26,Marketing,HR Specialist,5,45148,Flight Risk (Undercompensated High Performer)
10064,Isabella Clark,45,4.65,Marketing,Developer,2,102365,Capital Drain (Overcompensated Low Performer)
10066,Henry Johnson,25,5.54,Marketing,Designer,4,55038,Flight Risk (Undercompensated High Performer)
10069,Ethan King,59,6.18,HR,Developer,5,50100,Flight Risk (Undercompensated High Performer)
10071,Liam King,50,4.93,Marketing,HR Specialist,1,75499,Capital Drain (Overcompensated Low Performer)
10074,Ava Martin,60,1.32,IT,Analyst,4,40642,Flight Risk (Undercompensated High Performer)
10079,Ethan King,35,3.78,IT,Manager,1,89580,Capital Drain (Overcompensated Low Performer)
10080,Aria Hall,38,6.94,HR,Designer,1,78738,Capital Drain (Overcompensated Low Performer)
10082,Henry Lee,52,1.45,HR,Manager,5,35910,Flight Risk (Undercompensated High Performer)
10088,Liam Moore,31,1.74,Operations,Developer,5,48363,Flight Risk (Undercompensated High Performer)
10089,Noah Lee,47,3.59,IT,Manager,2,78992,Capital Drain (Overcompensated Low Performer)
10092,Grace Lee,36,1.72,Marketing,HR Specialist,5,59870,Flight Risk (Undercompensated High Performer)
10093,Noah Lewis,46,4.08,HR,Designer,1,100735,Capital Drain (Overcompensated Low Performer)
10094,Mason Hall,54,5.43,Marketing,Developer,1,86192,Capital Drain (Overcompensated Low Performer)
10096,James Lee,35,3.98,Finance,Analyst,5,54234,Flight Risk (Undercompensated High Performer)
